{
    "PIIS0140673620303603%1.jpg198474":
    {
        "fileref":"",
        "size":198474,
        "filename":"PIIS0140673620303603%1.jpg",
        "base64_img_data":"",
        "file_attributes":{},
        "regions":
        {
            "0":
            {
                "shape_attributes":
                {
                    "name":"polygon",
                    "all_points_x":[67, 71, 75, 79, 82, 87, 91, 93, 101, 98, 94, 91, 88, 87, 91, 96, 100, 107, 115, 116, 117, 114, 111, 105, 100, 94, 89, 82, 80, 78, 71, 66],
                    "all_points_y":[243, 240, 237, 236, 238, 237, 236, 233, 234, 237, 241, 247, 252, 256, 256, 252, 252, 251, 258, 263, 267, 271, 273, 274, 272, 270, 267, 264, 261, 256, 251, 246]
                },
                "region_attributes":
                {}
            }
        }
    },
    "Ni2020_Article_CombinationOfWesternMedicineAn-p3-10%0.jpg170188":
    {
        "fileref":"",
        "size":170188,
        "filename":"Ni2020_Article_CombinationOfWesternMedicineAn-p3-10%0.jpg",
        "base64_img_data":"",
        "file_attributes":{},
        "regions":
        {
            "0":
            {
                "shape_attributes":
                {
                    "name":"polygon",
                    "all_points_x":[337, 336, 340, 346, 353, 360, 368, 374, 383, 387, 380, 370, 360, 348, 339],
                    "all_points_y":[138, 133, 123, 115, 112, 115, 110, 114, 114, 124, 130, 132, 137, 138, 134]
                },
                "region_attributes":
                {}
            },
            "1":
            {
                "shape_attributes":
                {
                    "name":"polygon",
                    "all_points_x":[333, 337, 334, 334, 345, 355, 366, 373, 383, 391, 390, 384, 379, 369, 362, 353, 347, 339, 331],
                    "all_points_y":[174, 166, 160, 154, 153, 148, 142, 137, 136, 143, 159, 164, 175, 182, 188, 188, 183, 181, 175]
                },
                "region_attributes":
                {}
            }

        }
    },
    "2020.02.22.20024927-p19-68%2.jpg126230":
    {
        "fileref":"",
        "size":126230,
        "filename":"2020.02.22.20024927-p19-68%2.jpg",
        "base64_img_data":"",
        "file_attributes":{},
        "regions":
        {
            "0":
            {
                "shape_attributes":
                {
                    "name":"polygon",
                    "all_points_x":[41, 36, 33, 36, 39, 33, 26, 24, 21, 20, 25, 33, 45, 53, 56, 55, 55, 52, 46],
                    "all_points_y":[45, 49, 53, 60, 65, 66, 66, 70, 75, 81, 86, 93, 87, 84, 75, 65, 54, 48, 47]
                },
                "region_attributes":
                {}
            },
            "1":
            {
                "shape_attributes":
                {
                    "name":"polygon",
                    "all_points_x":[293, 284, 275, 265, 257, 255, 259, 254, 261, 268, 275, 282, 288, 296, 301, 304, 300, 298],
                    "all_points_y":[69, 69, 70, 70, 69, 79, 90, 94, 95, 103, 101, 96, 100, 99, 100, 96, 88, 81, 75]
                },
                "region_attributes":
                {}
            },
            "2":
            {
                "shape_attributes":
                {
                    "name":"polygon",
                    "all_points_x":[290, 283, 283, 276, 270, 262, 255, 249, 242, 236, 230, 225, 227, 231, 243, 254, 267, 276, 282],
                    "all_points_y":[161, 159, 152, 152, 156, 158, 162, 166, 173, 179, 186, 192, 201, 205, 202, 197, 187, 177, 170]
                },
                "region_attributes":
                {}
            }
        }
    },
    "2020.02.22.20024927-p19-68%4.jpg136668":
    {
        "fileref":"",
        "size":136668,
        "filename":"2020.02.22.20024927-p19-68%4.jpg",
        "base64_img_data":"",
        "file_attributes":{},
        "regions":
        {
            "0":
            {
                "shape_attributes":
                {
                    "name":"polygon",
                    "all_points_x":[10, 20, 24, 35, 43, 50, 58, 68, 75, 85, 86, 76, 66, 64, 67,76, 87, 97, 106, 111, 115, 111, 104, 92, 77, 61, 55, 56, 49, 38, 28, 21, 15],
                    "all_points_y":[144, 139, 132, 134, 136, 130, 128, 133, 127, 129, 142, 146, 152, 158, 162, 160, 166, 163, 165, 173, 181, 191, 195, 201, 201, 192, 187, 179, 183, 188, 179, 183, 188, 179, 165, 154]
                },
                "region_attributes":
                {}
            },
            "1":
            {
                "shape_attributes":
                {
                    "name":"polygon",
                    "all_points_x":[187, 193, 202, 214, 217, 209, 209, 202, 194],
                    "all_points_y":[181, 186, 186, 185, 183, 177, 173, 176, 178]
                },
                "region_attributes":
                {}
            },
            "2":
            {
                "shape_attributes":
                {
                    "name":"polygon",
                    "all_points_x":[206, 215, 226, 237, 245, 238, 234, 226, 217, 212, 208],
                    "all_points_y":[203, 207, 207, 205, 200, 195, 192, 192, 195, 197, 201]
                },
                "region_attributes":
                {}
            }
        }
    },
    "2020.02.22.20024927-p19-68%5.jpg139078":
    {
        "fileref":"",
        "size":139078,
        "filename":"2020.02.22.20024927-p19-68%5.jpg",
        "base64_img_data":"",
        "file_attributes":{},
        "regions":
        {
            "0":
            {
                "shape_attributes":
                {
                    "name":"polygon",
                    "all_points_x":[19, 18, 19, 18, 27, 31, 43, 52, 52, 42, 36, 40, 41, 33, 24],
                    "all_points_y":[146, 132, 119, 107, 104, 102, 106, 112, 120, 120, 120, 129, 135, 139, 143]
                },
                "region_attributes":
                {}
            },
            "1":
            {
                "shape_attributes":
                {
                    "name":"polygon",
                    "all_points_x":[49, 59, 71, 84, 96, 104, 115, 119, 114, 109, 99, 90, 81, 74, 74, 65, 57, 53],
                    "all_points_y":[195, 199, 202, 202, 202, 199, 190, 180, 169, 159, 156, 157, 162, 168, 177, 182, 185, 189]
                },
                "region_attributes":
                {}
            },
            "2":
            {
                "shape_attributes":
                {
                    "name":"polygon",
                    "all_points_x":[244, 233, 220, 206, 201, 200, 204, 211, 218, 225, 235, 244, 251, 247, 249, 246, 247],
                    "all_points_y":[206, 208, 208, 205, 196, 184, 178, 172, 168, 161, 160, 167, 175, 180, 188, 194, 204]
                },
                "region_attributes":
                {}
            }
        }
    },
    "2020.02.24.20027052-p8-73%2.jpg123239":
    {
        "fileref":"",
        "size":123239,
        "filename":"2020.02.24.20027052-p8-73%2.jpg",
        "base64_img_data":"",
        "file_attributes":{},
        "regions":
        {
            "0":
            {
                "shape_attributes":
                {
                    "name":"polygon",
                    "all_points_x":[61, 68, 64, 76, 90, 99, 113, 116, 125, 142, 148, 151, 141, 130, 115, 99, 87, 73, 67],
                    "all_points_y":[273, 262, 249, 246, 245, 243, 248, 263, 255, 253, 265, 272, 280, 286, 293, 295, 290, 283, 276]
                },
                "region_attributes":
                {}
            }
        }
    },
    "2020.02.28.20029025-p23-183.jpg197451":
    {
        "fileref":"",
        "size":197451,
        "filename":"2020.02.28.20029025-p23-183.jpg",
        "base64_img_data":"",
        "file_attributes":{},
        "regions":
        {
            "0":
            {
                "shape_attributes":
                {
                    "name":"polygon",
                    "all_points_x":[207, 200, 200, 202, 188, 171, 153, 139, 119, 105, 103, 105, 112, 127, 139, 153, 167, 183, 196],
                    "all_points_y":[316, 296, 280, 266, 254, 247, 234, 221, 210, 200, 213, 234, 255, 279, 290, 302, 308, 312, 313]
                },
                "region_attributes":
                {}
            },
            "1":
            {
                "shape_attributes":
                {
                    "name":"polygon",
                    "all_points_x":[442, 455, 465, 473, 480, 484, 462, 445, 431, 433, 433],
                    "all_points_y":[290, 277, 263, 250, 237, 223, 226, 238, 248, 263, 280]
                },
                "region_attributes":
                {}
            }

        }
    },
    "2020.03.26.20041426-p11-127.jpg75961":
    {
        "fileref":"",
        "size":75961,
        "filename":"2020.03.26.20041426-p11-127.jpg",
        "base64_img_data":"",
        "file_attributes":{},
        "regions":
        {
            "0":
            {
                "shape_attributes":
                {
                    "name":"polygon",
                    "all_points_x":[123, 131, 140, 148, 151, 157, 162, 163, 150, 144, 136, 127],
                    "all_points_y":[201, 193, 181, 185, 191, 192, 192, 204, 208, 212, 210, 206]
                },
                "region_attributes":
                {}
            },
            "1":
            {
                "shape_attributes":
                {
                    "name":"polygon",
                    "all_points_x":[169, 164, 157, 155, 145, 146, 157, 164, 162, 172, 178, 179, 175, 171],
                    "all_points_y":[188, 181, 176, 171, 168, 164, 165, 164, 174, 169, 173, 182, 196, 194]
                },
                "region_attributes":
                {}
            },
            "2":
            {
                "shape_attributes":
                {
                    "name":"polygon",
                    "all_points_x":[282, 294, 300, 299, 293, 288, 283, 278],
                    "all_points_y":[128, 127, 122, 112, 114, 118, 121, 127]
                },
                "region_attributes":
                {}
            }
        }
    },
    "Comparison-of-different-samples-for-2019-novel-cor_2020_International-Journa-p2-21%4.jpg41038":
    {
        "fileref":"",
        "size":41038,
        "filename":"Comparison-of-different-samples-for-2019-novel-cor_2020_International-Journa-p2-21%4.jpg",
        "base64_img_data":"",
        "file_attributes":{},
        "regions":
        {
            "0":
            {
                "shape_attributes":
                {
                    "name":"polygon",
                    "all_points_x":[15, 17, 19, 24, 29, 33, 33, 33, 29, 26, 20],
                    "all_points_y":[115, 123, 130, 134, 140, 135, 130, 125, 121, 117, 115]
                },
                "region_attributes":
                {}
            },
            "1":
            {
                "shape_attributes":
                {
                    "name":"polygon",
                    "all_points_x":[41, 43, 40, 37, 33, 27, 22, 28, 32, 38],
                    "all_points_y":[62, 53, 50, 47, 51, 52, 56, 60, 63, 63]
                },
                "region_attributes":
                {}
            }

        }
    },
    "Comparison-of-different-samples-for-2019-novel-cor_2020_International-Journa-p2-21%5.jpg41513":
    {
        "fileref":"",
        "size":41513,
        "filename":"Comparison-of-different-samples-for-2019-novel-cor_2020_International-Journa-p2-21%5.jpg",
        "base64_img_data":"",
        "file_attributes":{},
        "regions":
        {
            "0":
            {
                "shape_attributes":
                {
                    "name":"polygon",
                    "all_points_x":[40, 33, 28, 24, 18, 15, 22, 27, 32, 41, 46, 49, 46],
                    "all_points_y":[142, 135, 127, 49, 110, 100, 101, 109, 110, 116, 123, 129, 138, 139]
                },
                "region_attributes":
                {}
            },
            "1":
            {
                "shape_attributes":
                {
                    "name":"polygon",
                    "all_points_x":[24, 26, 34, 43, 50, 53, 53, 47, 41, 34, 29],
                    "all_points_y":[50, 59, 65, 66, 64, 56, 52, 47, 42, 44, 48]
                },
                "region_attributes":
                {}
            }

        }
    },
    "Comparison-of-different-samples-for-2019-novel-cor_2020_International-Journa-p2-21%7.jpg36684":
    {
        "fileref":"",
        "size":36684,
        "filename":"Comparison-of-different-samples-for-2019-novel-cor_2020_International-Journa-p2-21%7.jpg",
        "base64_img_data":"",
        "file_attributes":{},
        "regions":
        {
            "0":
            {
                "shape_attributes":
                {
                    "name":"polygon",
                    "all_points_x":[7, 3, 2, 2, 3, 4, 14, 21, 26, 32, 29, 24, 17, 10],
                    "all_points_y":[112, 104, 96, 87, 79, 72, 71, 76, 82, 86, 95, 99, 104, 110]
                },
                "region_attributes":
                {}
            }
        }
    },
    "Comparison-of-different-samples-for-2019-novel-cor_2020_International-Journa-p2-21%8.jpg37307":
    {
        "fileref":"",
        "size":37307,
        "filename":"Comparison-of-different-samples-for-2019-novel-cor_2020_International-Journa-p2-21%8.jpg",
        "base64_img_data":"",
        "file_attributes":{},
        "regions":
        {
            "0":
            {
                "shape_attributes":
                {
                    "name":"polygon",
                    "all_points_x":[52, 41, 31, 23, 16, 17, 19, 18, 27, 37, 39, 48, 45, 50, 53],
                    "all_points_y":[134, 136, 132, 127, 121, 114, 105, 94, 92, 95, 103, 108, 120, 126, 133]
                },
                "region_attributes":
                {}
            }
        }
    },
    "Comparison-of-different-samples-for-2019-novel-cor_2020_International-Journa-p2-21%9.jpg32560":
    {
        "fileref":"",
        "size":32560,
        "filename":"Comparison-of-different-samples-for-2019-novel-cor_2020_International-Journa-p2-21%9.jpg",
        "base64_img_data":"",
        "file_attributes":{},
        "regions":
        {
            "0":
            {
                "shape_attributes":
                {
                    "name":"polygon",
                    "all_points_x":[40, 33, 23, 15, 12, 12, 17, 24, 34, 38, 38, 41],
                    "all_points_y":[121, 121, 117, 113, 105, 97, 92, 94, 98, 109, 116, 120]
                },
                "region_attributes":
                {}
            }
        }
    },
    "Comparison-of-different-samples-for-2019-novel-cor_2020_International-Journa-p2-21%10.jpg42140":
    {
        "fileref":"",
        "size":42140,
        "filename":"Comparison-of-different-samples-for-2019-novel-cor_2020_International-Journa-p2-21%10.jpg",
        "base64_img_data":"",
        "file_attributes":{},
        "regions":
        {
            "0":
            {
                "shape_attributes":
                {
                    "name":"polygon",
                    "all_points_x":[126, 135, 145, 151, 153, 152, 159, 157, 165, 169, 178, 172, 169, 164, 159, 157, 153, 148, 142, 140, 140, 136, 128],
                    "all_points_y":[139, 145, 142, 137, 127, 121, 129, 133, 126, 126, 121, 114, 112, 106, 106, 112, 114, 113, 115, 124, 130, 133, 134]
                },
                "region_attributes":
                {}
            }
        }
    },
    "Comparison-of-different-samples-for-2019-novel-cor_2020_International-Journa-p2-21%11.jpg45554":
    {
        "fileref":"",
        "size":45554,
        "filename":"Comparison-of-different-samples-for-2019-novel-cor_2020_International-Journa-p2-21%11.jpg",
        "base64_img_data":"",
        "file_attributes":{},
        "regions":
        {
            "0":
            {
                "shape_attributes":
                {
                    "name":"polygon",
                    "all_points_x":[126, 128, 134, 130, 133, 139, 145, 155, 164, 174, 182, 179, 178, 171, 162, 149, 142, 142, 137, 130],
                    "all_points_y":[129, 120, 112, 104, 100, 107, 112, 113, 115, 117, 123, 132, 141, 150, 153, 155, 146, 139, 145, 136]
                },
                "region_attributes":
                {}
            }
        }
    },
    "tr_im_z011.jpg174811":
    {
        "fileref":"",
        "size":174811,
        "filename":"tr_im_z011.jpg",
        "base64_img_data":"",
        "file_attributes":{},
        "regions":
        {
            "0":
            {
                "shape_attributes":
                {
                    "name":"polygon",
                    "all_points_x":[53, 61, 75, 82, 86, 79, 83, 88, 100, 99, 107, 94, 82, 66, 61, 56],
                    "all_points_y":[397, 387, 376, 358, 360, 379, 390, 403, 404, 416, 417, 428, 420, 407, 409, 403]
                },
                "region_attributes":
                {}
            },
            "1":
            {
                "shape_attributes":
                {
                    "name":"polygon",
                    "all_points_x":[117, 125, 136, 147, 141, 139, 124, 116, 120],
                    "all_points_y":[421, 414, 409, 410, 424, 435, 435, 425, 417]
                },
                "region_attributes":
                {}
            },
            "2":
            {
                "shape_attributes":
                {
                    "name":"polygon",
                    "all_points_x":[363, 342, 326, 315, 322, 327, 337, 348, 364, 379, 401, 402, 418, 432, 447, 451, 444, 434, 423, 412, 404, 401, 384, 376, 370],
                    "all_points_y":[462, 461, 454, 446, 435, 428, 419, 420, 408, 401, 404, 414, 399, 389, 397, 405, 417, 430, 440, 426, 432, 448, 447, 440, 457]
                },
                "region_attributes":
                {}
            }
        }
    },
    "tr_im_z021.jpg168341":
    {
        "fileref":"",
        "size":168341,
        "filename":"tr_im_z021.jpg",
        "base64_img_data":"",
        "file_attributes":{},
        "regions":
        {
            "0":
            {
                "shape_attributes":
                {
                    "name":"polygon",
                    "all_points_x":[124, 112, 108, 118, 132, 139, 142, 128, 146],
                    "all_points_y":[377, 361, 343, 334, 330, 341, 359, 367, 370]
                },
                "region_attributes":
                {}
            },
            "1":
            {
                "shape_attributes":
                {
                    "name":"polygon",
                    "all_points_x":[415, 402, 402, 381, 380, 382, 385, 401, 403, 415, 415, 406],
                    "all_points_y":[224, 206, 190, 183, 197, 215, 231, 238, 249, 262, 242, 229]
                },
                "region_attributes":
                {}
            }
        }
    },
    "tr_im_z032.jpg145092":
    {
        "fileref":"",
        "size":145092,
        "filename":"tr_im_z032.jpg",
        "base64_img_data":"",
        "file_attributes":{},
        "regions":
        {
            "0":
            {
                "shape_attributes":
                {
                    "name":"polygon",
                    "all_points_x":[109, 111, 123, 125, 111, 105, 101, 88, 82, 71, 70, 76, 80, 76, 84, 95, 98],
                    "all_points_y":[456, 453, 461, 450, 432, 411, 402, 405, 394, 381, 394, 402, 409, 415, 428, 440, 445]
                },
                "region_attributes":
                {}
            },
            "1":
            {
                "shape_attributes":
                {
                    "name":"polygon",
                    "all_points_x":[56, 63, 71, 74, 79, 75, 72, 67, 62, 57, 57, 59, 66, 50, 51],
                    "all_points_y":[366, 369, 374, 332, 325, 298, 268, 255, 254, 269, 286, 304, 316, 319, 339]
                },
                "region_attributes":
                {}
            },
            "2":
            {
                "shape_attributes":
                {
                    "name":"polygon",
                    "all_points_x":[462, 451, 444, 434, 430 ,429, 418, 409, 408, 403, 417, 431, 440, 456, 458, 461],
                    "all_points_y":[230, 236, 238, 228, 241, 245, 234, 235, 214, 194, 186, 188, 201, 206, 206, 220]
                },
                "region_attributes":
                {}
            }
        }
    },
    "tr_im_z036.jpg144541":
    {
        "fileref":"",
        "size":144541,
        "filename":"tr_im_z036.jpg",
        "base64_img_data":"",
        "file_attributes":{},
        "regions":
        {
            "0":
            {
                "shape_attributes":
                {
                    "name":"polygon",
                    "all_points_x":[50, 57, 69, 83, 98, 113, 130, 145, 158, 139, 125, 121, 111, 106, 105, 87, 73, 66, 57],
                    "all_points_y":[390, 403, 421, 434, 442, 448, 454, 452, 446, 446, 443, 429, 417, 400, 391, 385, 381, 377, 382]
                },
                "region_attributes":
                {}
            },
            "1":
            {
                "shape_attributes":
                {
                    "name":"polygon",
                    "all_points_x":[331, 341, 322, 306, 302, 294, 288, 284, 292, 307, 317, 325, 331, 339, 354, 370, 382, 399, 416, 413, 416, 421, 409, 391, 377, 361, 344],
                    "all_points_y":[452, 434, 422, 412, 419, 403, 387, 371, 353, 370, 384, 398, 411, 414, 400, 391, 388, 396, 395, 413, 430, 439, 446, 453, 459, 458, 456]
                },
                "region_attributes":
                {}
            }
        }
    },
    "tr_im_z041.jpg178150":
    {
        "fileref":"",
        "size":178150,
        "filename":"tr_im_z041.jpg",
        "base64_img_data":"",
        "file_attributes":{},
        "regions":
        {
            "0":
            {
                "shape_attributes":
                {
                    "name":"polygon",
                    "all_points_x":[356, 360, 367, 375, 377, 385, 395, 400, 395, 389, 383, 375, 370],
                    "all_points_y":[395, 386, 375, 364, 352, 344, 340, 345, 355, 363, 372, 381, 386]
                },
                "region_attributes":
                {}
            },
            "1":
            {
                "shape_attributes":
                {
                    "name":"polygon",
                    "all_points_x":[95, 93, 90, 89, 90, 91, 101, 109, 117, 119, 112, 112, 125, 123, 114, 113, 119, 107],
                    "all_points_y":[312, 298, 275, 257, 237, 224, 215, 205, 212, 227, 242, 255, 268, 284, 288, 299, 308, 312]
                },
                "region_attributes":
                {}
            }
        }
    },
    "tr_im_z064.jpg121572":
    {
        "fileref":"",
        "size":121572,
        "filename":"tr_im_z064.jpg",
        "base64_img_data":"",
        "file_attributes":{},
        "regions":
        {
            "0":
            {
                "shape_attributes":
                {
                    "name":"polygon",
                    "all_points_x":[365, 354, 352, 355, 361, 372, 380, 391, 404, 412, 394, 380, 370, 365],
                    "all_points_y":[418, 416, 405, 395, 386, 378, 381, 380, 381, 383, 395, 402, 407, 414]
                },
                "region_attributes":
                {}
            },
            "1":
            {
                "shape_attributes":
                {
                    "name":"polygon",
                    "all_points_x":[143, 153, 151, 149, 145, 139, 132, 127, 116, 102, 87, 93, 99, 105, 113, 123, 132],
                    "all_points_y":[426, 408, 396, 383, 369, 362, 350, 344, 349, 353, 356, 368, 380, 388, 401, 410, 419]
                },
                "region_attributes":
                {}
            }
        }
    }

}
